id,release_id,image_type,filename,url,source_slug,notes
1,3354,cover,001_m38841325216.png,,m38841325216,
2,3354,reverse,002_m38841325216.png,,m38841325216,
3,3354,spine,003_m38841325216.png,,m38841325216,
4,3355,cover,001_g1224278646.png,,g1224278646,
5,3355,reverse,002_g1224278646.png,,g1224278646,
6,3355,tape,003_g1224278646.png,,g1224278646,
9,3141,cover_group,014_0SlI5.png,,0SlI5,
10,3141,reverse_group,015_0SlI5.png,,0SlI5,
12,1420,cover,002_0UOfP.png,,0UOfP,
15,659,cover,003_1C9PZ.png,,1C9PZ,
17,635,cover,003_Z1vfo.png,,Z1vfo,
19,957,cover,003_ZWXps.png,,ZWXps,
21,147,cover,004_ZYSfE.png,,ZYSfE,
23,521,spine_group,002_qR5zK.png,,qR5zK,
24,521,cover_group,006_qR5zK.png,,qR5zK,
25,521,cover_group,007_qR5zK.png,,qR5zK,
26,521,cover_group,008_qR5zK.png,,qR5zK,
27,521,cover_group,009_qR5zK.png,,qR5zK,
28,521,cover_group,010_qR5zK.png,,qR5zK,
30,1015,cover,003_qYQE5.png,,qYQE5,
32,391,cover,002_qal6i.png,,qal6i,
33,391,reverse,003_qal6i.png,,qal6i,
35,691,cover,003_sSunN.png,,sSunN,
36,691,cover,014_sSunN.png,,sSunN,
38,50,cover,002_unp3M.png,,unp3M,
39,50,reverse,003_unp3M.png,,unp3M,
40,50,cover,004_unp3M.png,,unp3M,
41,50,spine,005_unp3M.png,,unp3M,
42,7,spine,001_wAAne.png,,wAAne,
43,7,cover,003_wAAne.png,,wAAne,
45,407,cover,002_xZOgs.png,,xZOgs,
46,407,spine,003_xZOgs.png,,xZOgs,
47,407,spine,004_xZOgs.png,,xZOgs,
48,407,reverse,005_xZOgs.png,,xZOgs,
50,514,cover_group,014_xeCxG.png,,xeCxG,
51,514,reverse_group,015_xeCxG.png,,xeCxG,
52,514,tape_group,016_xeCxG.png,,xeCxG,
54,170,cover,003_yH1i4.png,,yH1i4,
56,1676,cover,003_ydpM1.png,,ydpM1,
58,263,cover,002_zz4FD.png,,zz4FD,
59,263,reverse,003_zz4FD.png,,zz4FD,
60,263,spine,004_zz4FD.png,,zz4FD,
61,263,spine,005_zz4FD.png,,zz4FD,
63,1447,cover,002_00IRy.png,,00IRy,
64,1447,reverse,003_00IRy.png,,00IRy,
65,1447,spine,004_00IRy.png,,00IRy,
66,3164,cover_group,002_oG2PB.png,,oG2PB,
68,2621,cover,002_oJOGV.png,,oJOGV,
69,2621,reverse,003_oJOGV.png,,oJOGV,
70,2621,spine,004_oJOGV.png,,oJOGV,
71,2621,cover,005_oJOGV.png,,oJOGV,
72,2621,cover,006_oJOGV.png,,oJOGV,
73,2621,tape,007_oJOGV.png,,oJOGV,
75,1104,spine,003_oPhwc.png,,oPhwc,
76,1104,cover,005_oPhwc.png,,oPhwc,
77,1104,reverse,006_oPhwc.png,,oPhwc,
78,2009,cover,002_oSsey.png,,oSsey,
79,2009,reverse,004_oSsey.png,,oSsey,
81,210,cover,002_oTjrc.png,,oTjrc,
82,210,reverse,003_oTjrc.png,,oTjrc,
83,210,spine,004_oTjrc.png,,oTjrc,
84,1122,tape,002_oXyt2.png,,oXyt2,
85,1122,cover,003_oXyt2.png,,oXyt2,
86,1122,reverse,004_oXyt2.png,,oXyt2,
87,1122,insert,011_oXyt2.png,,oXyt2,
88,1122,tape,012_oXyt2.png,,oXyt2,
89,2868,reverse_group,001_oYODn.png,,oYODn,
90,2868,spine_group,003_oYODn.png,,oYODn,
91,2868,spine_group,004_oYODn.png,,oYODn,
92,1560,cover,002_oi3IS.png,,oi3IS,
93,1560,reverse,004_oi3IS.png,,oi3IS,
94,1560,spine,005_oi3IS.png,,oi3IS,
96,3174,spine_group,002_oj7Ip.png,,oj7Ip,
97,3174,spine_group,004_oj7Ip.png,,oj7Ip,
98,3174,spine_group,005_oj7Ip.png,,oj7Ip,
99,736,cover,002_ojuYJ.png,,ojuYJ,
100,736,reverse,004_ojuYJ.png,,ojuYJ,
101,736,tape,005_ojuYJ.png,,ojuYJ,
103,2863,cover_group,002_otTvS.png,,otTvS,
104,2863,reverse_group,004_otTvS.png,,otTvS,
105,2863,spine_group,005_otTvS.png,,otTvS,
106,1597,cover,002_ou7QC#selection-1227.20-1227.28.png,,ou7QC#selection-1227.20-1227.28,
107,1597,reverse,004_ou7QC#selection-1227.20-1227.28.png,,ou7QC#selection-1227.20-1227.28,
108,1399,spine_group,002_ox9Yx.png,,ox9Yx,
109,1399,cover_group,004_ox9Yx.png,,ox9Yx,
110,1399,cover_group,005_ox9Yx.png,,ox9Yx,
112,1572,cover,003_p3p8m.png,,p3p8m,
113,1572,reverse,005_p3p8m.png,,p3p8m,
114,1572,spine,006_p3p8m.png,,p3p8m,
115,1986,cover,002_pG5G0.png,,pG5G0,
116,1986,cover,003_pG5G0.png,,pG5G0,
117,1986,reverse,004_pG5G0.png,,pG5G0,
118,1986,reverse,011_pG5G0.png,,pG5G0,
119,1986,spine,012_pG5G0.png,,pG5G0,
120,893,cover,001_pG97O.png,,pG97O,
121,893,reverse,003_pG97O.png,,pG97O,
122,893,spine,004_pG97O.png,,pG97O,
123,1567,cover_group,001_pIw20.png,,pIw20,
124,1044,cover,002_pThCw.png,,pThCw,
125,1044,spine,004_pThCw.png,,pThCw,
126,1044,reverse,005_pThCw.png,,pThCw,
127,1540,cover,001_pbFLe.png,,pbFLe,
128,1540,reverse,002_pbFLe.png,,pbFLe,
129,1540,tape,003_pbFLe.png,,pbFLe,
130,1540,tape,004_pbFLe.png,,pbFLe,
131,959,cover,001_pbwQL.png,,pbwQL,
132,959,reverse,003_pbwQL.png,,pbwQL,
134,1474,spine_group,002_pn04N.png,,pn04N,
135,1474,cover_group,003_pn04N.png,,pn04N,
136,1474,cover_group,004_pn04N.png,,pn04N,
137,321,cover_group,001_prfor.png,,prfor,
139,2220,cover_group,003_ps5m6.png,,ps5m6,
140,2220,reverse_group,005_ps5m6.png,,ps5m6,
141,2220,tape_group,006_ps5m6.png,,ps5m6,
144,3105,cover,003_q50vQ.png,,q50vQ,
145,3105,reverse,005_q50vQ.png,,q50vQ,
146,3105,insert,006_q50vQ.png,,q50vQ,
147,2973,cover_group,002_qAv8j.png,,qAv8j,
150,685,cover,002_qJO8v.png,,qJO8v,
151,685,reverse,004_qJO8v.png,,qJO8v,
152,685,spine,005_qJO8v.png,,qJO8v,
154,2010,cover,003_qMOfp.png,,qMOfp,
155,2010,reverse,005_qMOfp.png,,qMOfp,
157,1961,cover_group,003_qPbBH.png,,qPbBH,
159,917,cover,002_qmiGu.png,,qmiGu,
160,917,reverse,003_qmiGu.png,,qmiGu,
161,917,spine,004_qmiGu.png,,qmiGu,
162,917,tape,005_qmiGu.png,,qmiGu,
164,1357,cover,003_quBgw.png,,quBgw,
165,1357,cover,005_quBgw.png,,quBgw,
166,1357,cover,006_quBgw.png,,quBgw,
168,2877,tape,003_rHRMJ.png,,rHRMJ,
169,2877,cover,004_rHRMJ.png,,rHRMJ,
170,2877,spine,005_rHRMJ.png,,rHRMJ,
171,2877,reverse,012_rHRMJ.png,,rHRMJ,
172,2877,spine,013_rHRMJ.png,,rHRMJ,
173,2877,tape,014_rHRMJ.png,,rHRMJ,
174,2877,tape,015_rHRMJ.png,,rHRMJ,
176,2664,cover_group,002_rW28e.png,,rW28e,
177,2664,cover_group,004_rW28e.png,,rW28e,
178,2664,spine_group,005_rW28e.png,,rW28e,
180,1484,cover_group,003_rcMj1.png,,rcMj1,
181,1484,spine_group,005_rcMj1.png,,rcMj1,
182,1484,cover_group,006_rcMj1.png,,rcMj1,
184,1009,cover,003_rhhDt.png,,rhhDt,
185,1009,reverse,005_rhhDt.png,,rhhDt,
187,1339,cover,003_rmK9G.png,,rmK9G,
188,1339,reverse,005_rmK9G.png,,rmK9G,
189,1339,tape,006_rmK9G.png,,rmK9G,
190,1339,spine,008_rmK9G.png,,rmK9G,
192,1673,cover,003_rmnnj.png,,rmnnj,
194,1242,cover,003_rpGBu.png,,rpGBu,
195,1242,reverse,005_rpGBu.png,,rpGBu,
197,781,cover,002_rscmL.png,,rscmL,
198,781,reverse,004_rscmL.png,,rscmL,
199,781,spine,005_rscmL.png,,rscmL,
200,1359,cover,001_rxfj3.png,,rxfj3,
201,1359,cover,002_rxfj3.png,,rxfj3,
202,1359,tape,003_rxfj3.png,,rxfj3,
204,2240,cover,002_rxzZw.png,,rxzZw,
205,2240,reverse,004_rxzZw.png,,rxzZw,
207,1536,cover,003_rzncr.png,,rzncr,
208,1536,reverse,005_rzncr.png,,rzncr,
209,1536,spine,006_rzncr.png,,rzncr,
211,2110,spine,003_s0dJR.png,,s0dJR,
212,2110,cover,005_s0dJR.png,,s0dJR,
213,2110,reverse,006_s0dJR.png,,s0dJR,
215,1590,cover,003_s4Gr3.png,,s4Gr3,
216,1590,tape,005_s4Gr3.png,,s4Gr3,
217,1590,reverse,006_s4Gr3.png,,s4Gr3,
218,1590,cover,007_s4Gr3.png,,s4Gr3,
220,1004,cover,002_s4zLW.png,,s4zLW,
221,1004,reverse,004_s4zLW.png,,s4zLW,
223,770,cover,002_s67za.png,,s67za,
224,770,reverse,004_s67za.png,,s67za,
225,770,tape,005_s67za.png,,s67za,
227,478,cover,003_sCo38.png,,sCo38,
229,1556,cover,002_sH7AD.png,,sH7AD,
230,1556,reverse,004_sH7AD.png,,sH7AD,
232,2662,spine_group,003_sIpy7.png,,sIpy7,
233,2662,spine_group,005_sIpy7.png,,sIpy7,
234,1405,insert,001_sSDo6.png,,sSDo6,
235,1405,cover,002_sSDo6.png,,sSDo6,
236,1405,tape,003_sSDo6.png,,sSDo6,
238,1098,cover,002_sVQe8.png,,sVQe8,
239,1098,spine,003_sVQe8.png,,sVQe8,
240,1098,tape,004_sVQe8.png,,sVQe8,
242,2039,cover,002_sa4jz.png,,sa4jz,
243,2039,insert,003_sa4jz.png,,sa4jz,
244,2039,insert,004_sa4jz.png,,sa4jz,
245,2039,tape,005_sa4jz.png,,sa4jz,
246,2039,tape,006_sa4jz.png,,sa4jz,
247,2039,spine,007_sa4jz.png,,sa4jz,
249,2080,cover,003_saZbP.png,,saZbP,
250,2080,spine,005_saZbP.png,,saZbP,
251,2080,insert,006_saZbP.png,,saZbP,
253,3160,cover_group,003_scgI3.png,,scgI3,
255,709,cover,002_shxue.png,,shxue,
256,709,reverse,003_shxue.png,,shxue,
257,709,spine,004_shxue.png,,shxue,
258,709,spine,005_shxue.png,,shxue,
261,1448,cover,003_spHK0.png,,spHK0,
262,1448,reverse,005_spHK0.png,,spHK0,
263,1448,cover,006_spHK0.png,,spHK0,
265,519,cover,002_sqEdW.png,,sqEdW,
266,519,reverse,003_sqEdW.png,,sqEdW,
267,519,cover,004_sqEdW.png,,sqEdW,
268,519,reverse,005_sqEdW.png,,sqEdW,
270,2113,cover,002_sqWF0.png,,sqWF0,
271,2113,reverse,003_sqWF0.png,,sqWF0,
272,2113,spine,004_sqWF0.png,,sqWF0,
273,2113,spine,005_sqWF0.png,,sqWF0,
274,2113,cover,006_sqWF0.png,,sqWF0,
275,2113,cover,007_sqWF0.png,,sqWF0,
276,2113,cover,008_sqWF0.png,,sqWF0,
277,2113,spine,009_sqWF0.png,,sqWF0,
278,2113,spine,010_sqWF0.png,,sqWF0,
279,2113,spine,011_sqWF0.png,,sqWF0,
280,2113,reverse,012_sqWF0.png,,sqWF0,
281,2113,reverse,013_sqWF0.png,,sqWF0,
282,2113,reverse,014_sqWF0.png,,sqWF0,
283,2113,cover,015_sqWF0.png,,sqWF0,
284,2113,cover,016_sqWF0.png,,sqWF0,
287,693,cover_group,003_syNkc.png,,syNkc,
288,693,reverse_group,005_syNkc.png,,syNkc,
289,693,cover_group,006_syNkc.png,,syNkc,
291,1482,cover,002_t0AO5.png,,t0AO5,
292,1482,tape,003_t0AO5.png,,t0AO5,
295,1360,cover,002_tCzlr.png,,tCzlr,
296,1360,tape,003_tCzlr.png,,tCzlr,
298,1970,reverse,003_tGZsn.png,,tGZsn,
299,1970,cover,004_tGZsn.png,,tGZsn,
300,1970,spine,005_tGZsn.png,,tGZsn,
302,1313,cover,003_tGreh.png,,tGreh,
303,1313,spine,005_tGreh.png,,tGreh,
304,1313,reverse,006_tGreh.png,,tGreh,
306,2064,cover,002_tMu6g.png,,tMu6g,
308,3100,cover,003_tSpV9.png,,tSpV9,
310,2572,cover,002_tVEky.png,,tVEky,
311,2572,insert,003_tVEky.png,,tVEky,
312,2572,insert,004_tVEky.png,,tVEky,
313,2572,insert,005_tVEky.png,,tVEky,
315,1418,cover_group,002_tYsVK.png,,tYsVK,
316,1418,cover_group,004_tYsVK.png,,tYsVK,
318,1324,cover,002_tZw00.png,,tZw00,
319,1324,spine,004_tZw00.png,,tZw00,
321,1071,cover_group,003_teF96.png,,teF96,
322,1071,spine_group,005_teF96.png,,teF96,
323,1071,tape_group,006_teF96.png,,teF96,
324,666,cover,002_tfckl.png,,tfckl,
325,666,reverse,004_tfckl.png,,tfckl,
326,666,insert,005_tfckl.png,,tfckl,
328,50,cover,002_tkK25.png,,tkK25,
330,1113,cover,003_tmBER.png,,tmBER,
331,1113,reverse,005_tmBER.png,,tmBER,
333,1576,cover,002_tr3wY.png,,tr3wY,
334,1576,reverse,004_tr3wY.png,,tr3wY,
336,2265,cover,002_uBWiD.png,,uBWiD,
337,2265,reverse,003_uBWiD.png,,uBWiD,
338,2265,spine,004_uBWiD.png,,uBWiD,
339,2265,spine,005_uBWiD.png,,uBWiD,
341,1127,cover,002_uDGAg.png,,uDGAg,
342,1127,reverse,004_uDGAg.png,,uDGAg,
344,3184,cover_group,002_uH9cJ.png,,uH9cJ,
345,3184,tape,004_uH9cJ.png,,uH9cJ,
346,3184,tape,005_uH9cJ.png,,uH9cJ,
348,2200,cover_group,003_uPJJT.png,,uPJJT,
349,2200,reverse_group,005_uPJJT.png,,uPJJT,
350,2200,cover_group,006_uPJJT.png,,uPJJT,
352,1074,cover,002_uXXqu.png,,uXXqu,
353,1074,tape,003_uXXqu.png,,uXXqu,
355,747,cover,003_ubKSK.png,,ubKSK,
356,747,reverse,005_ubKSK.png,,ubKSK,
357,747,reverse,006_ubKSK.png,,ubKSK,
360,1366,reverse_group,005_umtly.png,,umtly,
361,1366,cover,006_umtly.png,,umtly,
363,912,cover,002_urHSo.png,,urHSo,
364,912,reverse,004_urHSo.png,,urHSo,
366,2172,spine_group,003_ut17W.png,,ut17W,
367,2172,cover_group,005_ut17W.png,,ut17W,
369,3218,cover,002_utz7k.png,,utz7k,
370,3218,reverse,004_utz7k.png,,utz7k,
372,3075,reverse_group,003_uuDrP.png,,uuDrP,
373,3075,spine_group,004_uuDrP.png,,uuDrP,
374,3075,tape,005_uuDrP.png,,uuDrP,
375,3075,tape,012_uuDrP.png,,uuDrP,
376,3075,reverse_group,013_uuDrP.png,,uuDrP,
377,3075,reverse_group,014_uuDrP.png,,uuDrP,
378,3075,reverse_group,015_uuDrP.png,,uuDrP,
380,1393,cover,002_uuKbL.png,,uuKbL,
381,1393,cover,004_uuKbL.png,,uuKbL,
383,1427,spine_group,002_vASKJ.png,,vASKJ,
384,1427,cover_group,005_vASKJ.png,,vASKJ,
386,718,cover,002_vDHgc.png,,vDHgc,
387,718,spine,003_vDHgc.png,,vDHgc,
388,718,reverse,004_vDHgc.png,,vDHgc,
389,718,spine,005_vDHgc.png,,vDHgc,
390,718,tape,006_vDHgc.png,,vDHgc,
391,718,tape,007_vDHgc.png,,vDHgc,
393,1609,cover,003_vOXOw.png,,vOXOw,
394,1609,reverse,005_vOXOw.png,,vOXOw,
395,1609,tape,006_vOXOw.png,,vOXOw,
397,2124,cover,003_vQx4Y.png,,vQx4Y,
398,2124,spine,005_vQx4Y.png,,vQx4Y,
399,2124,reverse,006_vQx4Y.png,,vQx4Y,
401,676,cover,003_vVvZi.png,,vVvZi,
402,676,spine,005_vVvZi.png,,vVvZi,
403,676,reverse,006_vVvZi.png,,vVvZi,
404,3086,spine_group,001_vXOkw.png,,vXOkw,
405,3086,spine_group,002_vXOkw.png,,vXOkw,
407,2810,cover,003_va18T.png,,va18T,
408,2810,reverse,005_va18T.png,,va18T,
409,2810,spine,006_va18T.png,,va18T,
411,1322,cover,002_va3vO.png,,va3vO,
412,1322,reverse,003_va3vO.png,,va3vO,
413,1322,tape,004_va3vO.png,,va3vO,
414,1322,spine,005_va3vO.png,,va3vO,
416,3007,cover,003_vqaNp.png,,vqaNp,
417,3007,reverse,005_vqaNp.png,,vqaNp,
418,3007,spine,006_vqaNp.png,,vqaNp,
420,1352,cover,002_w1ScC.png,,w1ScC,
421,1352,reverse,003_w1ScC.png,,w1ScC,
422,1352,tape,004_w1ScC.png,,w1ScC,
423,1352,spine,005_w1ScC.png,,w1ScC,
425,1110,spine,003_w5nRC.png,,w5nRC,
426,1110,reverse,005_w5nRC.png,,w5nRC,
427,1110,tape,006_w5nRC.png,,w5nRC,
429,717,cover,004_w5raL.png,,w5raL,
430,717,reverse,005_w5raL.png,,w5raL,
431,717,spine,012_w5raL.png,,w5raL,
432,717,spine,013_w5raL.png,,w5raL,
434,698,cover,003_wL7g3.png,,wL7g3,
435,698,reverse,005_wL7g3.png,,wL7g3,
437,649,spine,002_wRMtu.png,,wRMtu,
438,649,cover,004_wRMtu.png,,wRMtu,
439,649,reverse,005_wRMtu.png,,wRMtu,
441,2010,cover,002_wSNhv.png,,wSNhv,
442,2010,reverse,004_wSNhv.png,,wSNhv,
444,2610,cover_group,002_wdAnK.png,,wdAnK,
445,2610,spine_group,004_wdAnK.png,,wdAnK,
447,897,cover,003_whGGE.png,,whGGE,
448,897,reverse,005_whGGE.png,,whGGE,
449,897,spine,006_whGGE.png,,whGGE,
451,950,cover_group,009_4yQ73.png,,4yQ73,
452,950,reverse_group,011_4yQ73.png,,4yQ73,
453,950,spine_group,012_4yQ73.png,,4yQ73,
454,950,spine_group,013_4yQ73.png,,4yQ73,
456,1534,spine_group,003_Cd3K2.png,,Cd3K2,
457,1534,cover_group,004_Cd3K2.png,,Cd3K2,
458,1534,reverse_group,005_Cd3K2.png,,Cd3K2,
460,1471,cover,004_wiu2J.png,,wiu2J,
461,1471,reverse,005_wiu2J.png,,wiu2J,
462,1471,tape,012_wiu2J.png,,wiu2J,
464,495,cover,002_wqDYu.png,,wqDYu,
465,495,reverse,003_wqDYu.png,,wqDYu,
466,495,cover,004_wqDYu.png,,wqDYu,
472,864,cover,003_wyx7h.png,,wyx7h,
473,864,reverse,005_wyx7h.png,,wyx7h,
475,2003,cover,002_wzNYu.png,,wzNYu,
476,2003,reverse,004_wzNYu.png,,wzNYu,
478,3103,cover,002_wzcBJ.png,,wzcBJ,
480,983,cover,002_xB7lB.png,,xB7lB,
481,983,reverse,004_xB7lB.png,,xB7lB,
483,1479,cover_group,003_xGggI.png,,xGggI,
484,1479,cover_group,005_xGggI.png,,xGggI,
486,1048,cover,002_xHOc5.png,,xHOc5,
487,1048,reverse,003_xHOc5.png,,xHOc5,
488,1048,spine,004_xHOc5.png,,xHOc5,
489,1048,spine,005_xHOc5.png,,xHOc5,
490,1048,cover,006_xHOc5.png,,xHOc5,
491,1048,reverse,007_xHOc5.png,,xHOc5,
493,2582,cover_group,002_xHqrP.png,,xHqrP,
494,2582,reverse_group,003_xHqrP.png,,xHqrP,
495,2582,cover_group,004_xHqrP.png,,xHqrP,
496,2582,cover_group,005_xHqrP.png,,xHqrP,
497,2582,cover_group,006_xHqrP.png,,xHqrP,
499,1116,cover,004_xPl3g.png,,xPl3g,
500,1116,spine,005_xPl3g.png,,xPl3g,
501,1116,reverse,012_xPl3g.png,,xPl3g,
502,1116,reverse,013_xPl3g.png,,xPl3g,
503,1116,spine,014_xPl3g.png,,xPl3g,
504,1116,tape,015_xPl3g.png,,xPl3g,
505,1116,tape,016_xPl3g.png,,xPl3g,
506,1116,tape,017_xPl3g.png,,xPl3g,
508,1415,cover_group,002_xTOWU.png,,xTOWU,
509,1415,cover_group,003_xTOWU.png,,xTOWU,
510,1415,cover_group,004_xTOWU.png,,xTOWU,
511,1415,spine_group,005_xTOWU.png,,xTOWU,
513,2254,tape,003_xW61m.png,,xW61m,
514,2254,cover,004_xW61m.png,,xW61m,
516,811,cover,002_xk9P4.png,,xk9P4,
517,811,reverse,004_xk9P4.png,,xk9P4,
519,791,cover,002_xojMI.png,,xojMI,
520,791,reverse,004_xojMI.png,,xojMI,
521,791,spine,005_xojMI.png,,xojMI,
523,718,cover,003_xoz1n.png,,xoz1n,
525,803,cover,002_xrBQd.png,,xrBQd,
526,803,reverse,004_xrBQd.png,,xrBQd,
527,803,tape,005_xrBQd.png,,xrBQd,
529,960,cover,003_y3sTH.png,,y3sTH,
530,960,cover,005_y3sTH.png,,y3sTH,
531,960,reverse,006_y3sTH.png,,y3sTH,
533,1227,cover,002_yUJmT.png,,yUJmT,
534,1227,reverse,003_yUJmT.png,,yUJmT,
535,1227,spine,004_yUJmT.png,,yUJmT,
536,1227,spine,005_yUJmT.png,,yUJmT,
539,302,cover,002_yZjCD.png,,yZjCD,
540,302,spine,004_yZjCD.png,,yZjCD,
541,302,reverse,005_yZjCD.png,,yZjCD,
543,963,cover_group,003_yadtA.png,,yadtA,
544,963,spine_group,005_yadtA.png,,yadtA,
545,963,tape,006_yadtA.png,,yadtA,
547,1140,cover,002_ybQVy.png,,ybQVy,
548,1140,reverse,003_ybQVy.png,,ybQVy,
549,1140,spine,004_ybQVy.png,,ybQVy,
550,1140,spine,005_ybQVy.png,,ybQVy,
552,1424,cover_group,002_yepnO.png,,yepnO,
553,1424,reverse_group,004_yepnO.png,,yepnO,
554,1424,cover_group,005_yepnO.png,,yepnO,
556,1256,cover_group,003_yjAlh.png,,yjAlh,
557,1256,reverse_group,005_yjAlh.png,,yjAlh,
558,1256,tape_group,006_yjAlh.png,,yjAlh,
560,2211,cover_group,004_yn9U2.png,,yn9U2,
561,2211,spine_group,005_yn9U2.png,,yn9U2,
562,2211,cover_group,006_yn9U2.png,,yn9U2,
563,2211,cover_group,013_yn9U2.png,,yn9U2,
564,2211,cover_group,014_yn9U2.png,,yn9U2,
566,1120,reverse,002_z20XO.png,,z20XO,
567,1120,cover,004_z20XO.png,,z20XO,
568,1120,reverse,005_z20XO.png,,z20XO,
570,1000,cover,003_z884c.png,,z884c,
571,1000,reverse,005_z884c.png,,z884c,
572,1000,tape,006_z884c.png,,z884c,
574,718,cover,003_z9NPP.png,,z9NPP,
575,718,reverse,005_z9NPP.png,,z9NPP,
576,718,spine,006_z9NPP.png,,z9NPP,
578,661,tape,022_zGbBv.png,,zGbBv,
579,661,cover,024_zGbBv.png,,zGbBv,
580,661,reverse,025_zGbBv.png,,zGbBv,
581,661,tape,026_zGbBv.png,,zGbBv,
583,491,cover,003_zKFiC.png,,zKFiC,
585,815,cover,003_zR0xt.png,,zR0xt,
586,815,spine,005_zR0xt.png,,zR0xt,
587,815,reverse,006_zR0xt.png,,zR0xt,
589,1599,cover_group,002_zgYcV.png,,zgYcV,
590,1599,spine_group,004_zgYcV.png,,zgYcV,
592,303,cover_group,003_ziKCf.png,,ziKCf,
594,1082,cover,002_zqNFu.png,,zqNFu,
595,1082,spine,004_zqNFu.png,,zqNFu,
596,1082,reverse,005_zqNFu.png,,zqNFu,
598,2979,cover,003_ztlsI.png,,ztlsI,
600,2979,reverse,006_ztlsI.png,,ztlsI,
602,826,cover,002_zup2v.png,,zup2v,
603,826,reverse,003_zup2v.png,,zup2v,
605,1428,tape,003_zwkFl.png,,zwkFl,
606,1428,cover,005_zwkFl.png,,zwkFl,
607,1428,reverse,006_zwkFl.png,,zwkFl,
608,872,cover,001_2026-0330-1427-58_original.png,,v1224600818,
609,872,reverse,002_2026-0330-1427-58_original.png,,v1224600818,
610,872,spine,003_2026-0330-1427-58_original.png,,v1224600818,
611,942,cover,005_2026-0330-1427-58_original.png,,v1224600818,
612,1142,cover,006_2026-0330-1427-58_original.png,,v1224600818,
613,1202,cover,007_2026-0330-1427-58_original.png,,v1224600818,
614,908,cover,008_2026-0330-1427-58_original.png,,v1224600818,
615,1293,cover,016_2026-0330-1427-58_original.png,,v1224600818,
616,1143,cover,017_2026-0330-1427-58_original.png,,v1224600818,
617,872,cover,005_2026-0330-1430-24_original.png,,v1224600818,
618,872,reverse,006_2026-0330-1430-24_original.png,,v1224600818,
619,872,spine,007_2026-0330-1430-24_original.png,,v1224600818,
620,1201,cover,022_2026-0330-1430-24_original.png,,v1224600818,
627,97,cover,97_2026-01-28-0002.jpg,,scan,
628,97,reverse,97_2026-01-28-0003.jpg,,scan,
629,97,tape,97_2026-01-28-0004.jpg,,scan,
630,97,spine,97_2026-01-28-0005.jpg,,scan,
631,93,cover,93_2026-01-29-0001.jpg,,scan,
632,93,reverse,93_2026-01-29-0002.jpg,,scan,
633,93,tape,93_2026-01-29-0003.jpg,,scan,
634,386,cover,386_2026-01-29-0004.jpg,,scan,
635,386,tape,386_2026-01-29-0005.jpg,,scan,
636,386,spine,386_2026-01-29-0006.jpg,,scan,
637,2054,cover,2054_2026-01-29-0007.jpg,,scan,
638,2054,insert,2054_2026-01-29-0008.jpg,,scan,
639,2054,tape,2054_2026-01-29-0009.jpg,,scan,
640,2054,spine,2054_2026-01-29-0010.jpg,,scan,
641,213,tape,213_2026-01-29-0011.jpg,,scan,
642,213,spine,213_2026-01-29-0012.jpg,,scan,
643,213,cover,213_2026-01-29-0015.jpg,,scan,
644,213,reverse,213_2026-01-29-0016.jpg,,scan,
645,47,cover,47_2026-01-29-0017.jpg,,scan,
646,47,reverse,47_2026-01-29-0018.jpg,,scan,
647,47,tape,47_2026-01-29-0019.jpg,,scan,
648,47,spine,47_2026-01-29-0020.jpg,,scan,
649,363,cover,363_2026-01-29-0021.jpg,,scan,
650,363,reverse,363_2026-01-29-0022.jpg,,scan,
651,363,tape,363_2026-01-29-0023.jpg,,scan,
652,363,spine,363_2026-01-29-0024.jpg,,scan,
653,1750,tape,1750_2026-01-30-0001.jpg,,scan,
654,1750,spine,1750_2026-01-30-0002.jpg,,scan,
655,479,cover,479_2026-01-30-0003.jpg,,scan,
656,479,reverse,479_2026-01-30-0004.jpg,,scan,
657,479,tape,479_2026-01-30-0005.jpg,,scan,
658,479,spine,479_2026-01-30-0006.jpg,,scan,
659,33,reverse,33_2026-02-02-0001.jpg,,scan,
660,33,cover,33_2026-02-02-0002.jpg,,scan,
661,33,tape,33_2026-02-02-0003.jpg,,scan,
662,33,spine,33_2026-02-02-0004.jpg,,scan,
663,32,cover,32_2026-02-02-0005.jpg,,scan,
664,32,reverse,32_2026-02-02-0006.jpg,,scan,
665,32,tape,32_2026-02-02-0007.jpg,,scan,
666,32,spine,32_2026-02-02-0008.jpg,,scan,
667,101,cover,101_2026-02-02-0009.jpg,,scan,
668,101,reverse,101_2026-02-02-0010.jpg,,scan,
669,101,tape,101_2026-02-02-0012.jpg,,scan,
670,101,spine,101_2026-02-02-0013.jpg,,scan,
671,364,cover,364_2026-02-02-0014.jpg,,scan,
672,364,reverse,364_2026-02-02-0015.jpg,,scan,
673,364,tape,364_2026-02-02-0016.jpg,,scan,
674,364,spine,364_2026-02-02-0017.jpg,,scan,
675,366,cover,366_2026-02-02-0018.jpg,,scan,
676,366,reverse,366_2026-02-02-0019.jpg,,scan,
677,366,tape,366_2026-02-02-0020.jpg,,scan,
678,366,spine,366_2026-02-02-0021.jpg,,scan,
679,289,cover,289_2026-02-02-0022.jpg,,scan,
680,289,reverse,289_2026-02-02-0023.jpg,,scan,
681,289,tape,289_2026-02-02-0024.jpg,,scan,
682,289,reverse,289_2026-02-02-0025.jpg,,scan,
683,30,cover,30_2026-02-04-0001.jpg,,scan,
684,30,reverse,30_2026-02-04-0002.jpg,,scan,
685,30,tape,30_2026-02-04-0003.jpg,,scan,
686,132,cover,132_2026-02-07-0001.jpg,,scan,
687,132,reverse,132_2026-02-07-0002.jpg,,scan,
688,132,tape,132_2026-02-07-0003.jpg,,scan,
689,136,cover,136_2026-02-07-0004.jpg,,scan,
690,136,reverse,136_2026-02-07-0005.jpg,,scan,
691,136,tape,136_2026-02-07-0006.jpg,,scan,
692,181,cover,181_2026-02-07-0007.jpg,,scan,
693,181,reverse,181_2026-02-07-0008.jpg,,scan,
694,181,tape,181_2026-02-07-0009.jpg,,scan,
695,496,cover,496_2026-02-07-0010.jpg,,scan,
696,496,reverse,496_2026-02-07-0011.jpg,,scan,
697,496,tape,496_2026-02-07-0012.jpg,,scan,
698,396,cover,396_2026-02-07-0013.jpg,,scan,
699,396,reverse,396_2026-02-07-0014.jpg,,scan,
700,396,tape,396_2026-02-07-0015.jpg,,scan,
701,99,cover,99_2026-02-07-0016.jpg,,scan,
702,99,reverse,99_2026-02-07-0017.jpg,,scan,
703,99,tape,99_2026-02-07-0018.jpg,,scan,
704,99,spine,99_2026-02-07-0019.jpg,,scan,
705,347,cover,347_2026-02-09-0001.jpg,,scan,
706,347,reverse,347_2026-02-09-0002.jpg,,scan,
707,347,tape,347_2026-02-09-0003.jpg,,scan,
708,347,spine,347_2026-02-09-0004.jpg,,scan,
709,218,cover,218_2026-02-11-0001.jpg,,scan,
710,218,reverse,218_2026-02-11-0002.jpg,,scan,
711,218,tape,218_2026-02-11-0003.jpg,,scan,
712,218,spine,218_2026-02-11-0004.jpg,,scan,
713,401,cover,401_2026-02-11-0005.jpg,,scan,
714,401,reverse,401_2026-02-11-0006.jpg,,scan,
715,401,tape,401_2026-02-11-0007.jpg,,scan,
716,353,cover,353_2026-02-11-0009.jpg,,scan,
717,353,reverse,353_2026-02-11-0010.jpg,,scan,
718,353,tape,353_2026-02-11-0011.jpg,,scan,
719,353,spine,353_2026-02-11-0012.jpg,,scan,
720,476,cover,476_2026-02-11-0013.jpg,,scan,
721,476,reverse,476_2026-02-11-0014.jpg,,scan,
722,476,tape,476_2026-02-11-0015.jpg,,scan,
723,372,cover,372_2026-02-11-0017.jpg,,scan,
724,372,reverse,372_2026-02-11-0018.jpg,,scan,
725,372,tape,372_2026-02-11-0019.jpg,,scan,
726,372,spine,372_2026-02-11-0020.jpg,,scan,
727,21,cover,21_2026-02-11-0021.jpg,,scan,
728,21,reverse,21_2026-02-11-0022.jpg,,scan,
729,21,tape,21_2026-02-11-0023.jpg,,scan,
730,21,spine,21_2026-02-11-0024.jpg,,scan,
731,337,cover,337_2026-02-11-0025.jpg,,scan,
732,337,reverse,337_2026-02-11-0026.jpg,,scan,
733,337,tape,337_2026-02-11-0027.jpg,,scan,
734,337,spine,337_2026-02-11-0028.jpg,,scan,
735,318,cover,318_2026-02-11-0029.jpg,,scan,
736,318,reverse,318_2026-02-11-0030.jpg,,scan,
737,318,tape,318_2026-02-11-0031.jpg,,scan,
738,318,spine,318_2026-02-11-0032.jpg,,scan,
739,432,cover,432_2026-02-11-0033.jpg,,scan,
740,432,reverse,432_2026-02-11-0034.jpg,,scan,
741,432,tape,432_2026-02-11-0035.jpg,,scan,
742,432,spine,432_2026-02-11-0036.jpg,,scan,
743,299,cover,299_2026-02-11-0037.jpg,,scan,
744,299,reverse,299_2026-02-11-0038.jpg,,scan,
745,299,tape,299_2026-02-11-0039.jpg,,scan,
746,299,spine,299_2026-02-11-0040.jpg,,scan,
747,206,cover,206_2026-02-12-0001.jpg,,scan,
748,206,reverse,206_2026-02-12-0002.jpg,,scan,
749,206,tape,206_2026-02-12-0003.jpg,,scan,
750,206,spine,206_2026-02-12-0004.jpg,,scan,
751,254,cover,254_2026-02-12-0005.jpg,,scan,
752,254,reverse,254_2026-02-12-0006.jpg,,scan,
753,254,tape,254_2026-02-12-0007.jpg,,scan,
754,254,spine,254_2026-02-12-0008.jpg,,scan,
755,4,cover,4_2026-02-13-0001.jpg,,scan,
756,4,reverse,4_2026-02-13-0002.jpg,,scan,
757,4,tape,4_2026-02-13-0003.jpg,,scan,
758,4,spine,4_2026-02-13-0004.jpg,,scan,
759,210,cover,210_2026-02-13-0005.jpg,,scan,
760,210,reverse,210_2026-02-13-0006.jpg,,scan,
761,210,tape,210_2026-02-13-0007.jpg,,scan,
762,210,spine,210_2026-02-13-0008.jpg,,scan,
763,88,cover,88_2026-02-13-0009.jpg,,scan,
764,88,reverse,88_2026-02-13-0010.jpg,,scan,
765,88,tape,88_2026-02-13-0011.jpg,,scan,
766,405,cover,405_2026-02-13-0012.jpg,,scan,
767,405,reverse,405_2026-02-13-0013.jpg,,scan,
768,405,tape,405_2026-02-13-0014.jpg,,scan,
769,192,cover,192_2026-02-13-0015.jpg,,scan,
770,192,reverse,192_2026-02-13-0016.jpg,,scan,
771,192,tape,192_2026-02-13-0017.jpg,,scan,
772,192,spine,192_2026-02-13-0018.jpg,,scan,
773,159,cover,159_2026-02-13-0019.jpg,,scan,
774,159,reverse,159_2026-02-13-0020.jpg,,scan,
775,159,tape,159_2026-02-13-0021.jpg,,scan,
776,159,spine,159_2026-02-13-0022.jpg,,scan,
777,1809,spine,1809_2026-02-17-0001.jpg,,scan,
778,1810,tape,1810_2026-02-17-0002.jpg,,scan,
779,1810,spine,1810_2026-02-17-0003.jpg,,scan,
780,1787,tape,1787_2026-02-17-0006.jpg,,scan,
781,1787,spine,1787_2026-02-17-0007.jpg,,scan,
782,1789,tape,1789_2026-02-18-0001 (1).jpg,,scan,
783,1789,tape,1789_2026-02-18-0001.jpg,,scan,
784,1789,spine,1789_2026-02-18-0002 (1).jpg,,scan,
785,1789,spine,1789_2026-02-18-0002.jpg,,scan,
786,1784,tape,1784_2026-02-18-0003 (1).jpg,,scan,
787,1784,tape,1784_2026-02-18-0003.jpg,,scan,
788,1784,spine,1784_2026-02-18-0004 (1).jpg,,scan,
789,1784,spine,1784_2026-02-18-0004.jpg,,scan,
790,1392,cover,1392_2026-02-19-0002.jpg,,scan,
791,1392,tape,1392_2026-02-19-0003.jpg,,scan,
792,1392,spine,1392_2026-02-19-0004.jpg,,scan,
793,1313,cover,1313_2026-02-19-0006.jpg,,scan,
794,1313,insert,1313_2026-02-19-0007.jpg,,scan,
795,1313,tape,1313_2026-02-19-0008.jpg,,scan,
796,1313,spine,1313_2026-02-19-0009.jpg,,scan,
797,1098,cover,1098_2026-02-19-0010.jpg,,scan,
798,1098,tape,1098_2026-02-19-0011.jpg,,scan,
799,1098,spine,1098_2026-02-19-0012.jpg,,scan,
800,416,cover,416_2026-02-21-0002.jpg,,scan,
801,416,reverse,416_2026-02-21-0003.jpg,,scan,
802,416,tape,416_2026-02-21-0004.jpg,,scan,
803,416,spine,416_2026-02-21-0005.jpg,,scan,
804,416,tape,416_2026-02-21-0007.jpg,,scan,
805,416,spine,416_2026-02-21-0008.jpg,,scan,
806,390,cover,390_2026-02-21-0009.jpg,,scan,
807,390,reverse,390_2026-02-21-0010.jpg,,scan,
808,390,tape,390_2026-02-21-0011.jpg,,scan,
809,390,spine,390_2026-02-21-0012.jpg,,scan,
810,1739,tape,1739_2026-02-28-0001.jpg,,scan,
811,1739,spine,1739_2026-02-28-0002.jpg,,scan,
812,1109,cover,1109_2026-03-09-0001.jpg,,scan,
813,1109,tape,1109_2026-03-09-0002.jpg,,scan,
814,1109,spine,1109_2026-03-09-0003.jpg,,scan,
815,1428,cover,1428_2026-03-09-0004.jpg,,scan,
816,1428,tape,1428_2026-03-09-0005.jpg,,scan,
817,1428,spine,1428_2026-03-09-0006.jpg,,scan,
818,806,cover,806_2026-03-09-0007.jpg,,scan,
819,806,tape,806_2026-03-09-0008.jpg,,scan,
820,806,spine,806_2026-03-09-0009.jpg,,scan,
821,906,cover,906_2026-03-09-0010.jpg,,scan,
822,906,tape,906_2026-03-09-0011.jpg,,scan,
823,906,spine,906_2026-03-09-0012.jpg,,scan,
824,1165,cover,1165_2026-03-10-0001.jpg,,scan,
825,1165,tape,1165_2026-03-10-0002.jpg,,scan,
826,1165,spine,1165_2026-03-10-0003.jpg,,scan,
827,767,cover,767_2026-03-10-0004.jpg,,scan,
828,767,tape,767_2026-03-10-0005.jpg,,scan,
829,767,spine,767_2026-03-10-0006.jpg,,scan,
830,705,cover,705_2026-03-10-0007.jpg,,scan,
831,705,insert,705_2026-03-10-0008.jpg,,scan,
832,705,insert,705_2026-03-10-0009.jpg,,scan,
833,705,tape,705_2026-03-10-0010.jpg,,scan,
834,705,spine,705_2026-03-10-0011.jpg,,scan,
835,1222,cover,1222_2026-03-10-0013.jpg,,scan,
836,1222,tape,1222_2026-03-10-0014.jpg,,scan,
837,1362,cover,1362_2026-03-10-0016.jpg,,scan,
838,1362,tape,1362_2026-03-10-0017.jpg,,scan,
839,1362,spine,1362_2026-03-10-0018.jpg,,scan,
840,1185,cover,1185_2026-03-10-0019.jpg,,scan,
841,1185,tape,1185_2026-03-10-0020.jpg,,scan,
842,1185,spine,1185_2026-03-10-0021.jpg,,scan,
843,1045,cover,1045_2026-03-10-0022.jpg,,scan,
844,1045,tape,1045_2026-03-10-0023.jpg,,scan,
845,1045,spine,1045_2026-03-10-0024.jpg,,scan,
846,1152,cover,1152_2026-03-10-0025.jpg,,scan,
847,1152,tape,1152_2026-03-10-0026.jpg,,scan,
848,1152,spine,1152_2026-03-10-0027.jpg,,scan,
849,908,cover,908_2026-03-10-0028.jpg,,scan,
850,908,tape,908_2026-03-10-0029.jpg,,scan,
851,908,spine,908_2026-03-10-0030.jpg,,scan,
852,1048,cover,1048_2026-03-10-0031.jpg,,scan,
853,1048,tape,1048_2026-03-10-0032.jpg,,scan,
854,1048,spine,1048_2026-03-10-0033.jpg,,scan,
855,1127,cover,1127_2026-03-10-0034.jpg,,scan,
856,1127,tape,1127_2026-03-10-0035.jpg,,scan,
857,1127,spine,1127_2026-03-10-0036.jpg,,scan,
858,1313,cover,1313_2026-03-10-0037.jpg,,scan,
859,1313,reverse,1313_2026-03-10-0038.jpg,,scan,
860,890,cover,890_2026-03-10-0039.jpg,,scan,
861,890,tape,890_2026-03-10-0040.jpg,,scan,
862,890,spine,890_2026-03-10-0041.jpg,,scan,
863,890,cover,890_2026-03-10-0042.jpg,,scan,
864,890,tape,890_2026-03-10-0043.jpg,,scan,
865,890,spine,890_2026-03-10-0044.jpg,,scan,
866,1066,cover,1066_2026-03-10-0045.jpg,,scan,
867,1066,tape,1066_2026-03-10-0046.jpg,,scan,
868,1066,spine,1066_2026-03-10-0047.jpg,,scan,
869,1393,cover,1393_2026-03-10-0048.jpg,,scan,
870,1393,tape,1393_2026-03-10-0049.jpg,,scan,
871,1393,spine,1393_2026-03-10-0050.jpg,,scan,
872,1385,cover,1385_2026-03-10-0051.jpg,,scan,
873,1385,tape,1385_2026-03-10-0052.jpg,,scan,
874,1385,spine,1385_2026-03-10-0053.jpg,,scan,
875,1352,cover,1352_2026-03-10-0054.jpg,,scan,
876,1352,tape,1352_2026-03-10-0055.jpg,,scan,
877,1352,spine,1352_2026-03-10-0056.jpg,,scan,
878,2173,cover,2173_2026-03-10-0057.jpg,,scan,
879,2173,tape,2173_2026-03-10-0058.jpg,,scan,
880,2173,spine,2173_2026-03-10-0059.jpg,,scan,
881,2164,cover,2164_2026-03-10-0060.jpg,,scan,
882,2164,tape,2164_2026-03-10-0061.jpg,,scan,
883,2164,spine,2164_2026-03-10-0062.jpg,,scan,
884,2191,cover,2191_2026-03-10-0063.jpg,,scan,
885,2191,tape,2191_2026-03-10-0064.jpg,,scan,
886,2005,cover,2005_2026-03-11-0001.jpg,,scan,
887,2005,insert,2005_2026-03-11-0002.jpg,,scan,
888,2005,tape,2005_2026-03-11-0003 (1).jpg,,scan,
889,2005,spine,2005_2026-03-11-0004.jpg,,scan,
890,2123,cover,2123_2026-03-17-0001.jpg,,scan,
891,2123,tape,2123_2026-03-17-0002.jpg,,scan,
892,2123,spine,2123_2026-03-17-0003.jpg,,scan,
893,2123,cover,2123_2026-03-17-0004.jpg,,scan,
894,2123,tape,2123_2026-03-17-0005.jpg,,scan,
895,2123,spine,2123_2026-03-17-0006.jpg,,scan,
896,1058,cover,1058_2026-03-17-0007.jpg,,scan,
897,1058,tape,1058_2026-03-17-0008.jpg,,scan,
898,1058,spine,1058_2026-03-17-0009.jpg,,scan,
899,901,cover,901_2026-03-17-0010.jpg,,scan,
900,901,tape,901_2026-03-17-0011.jpg,,scan,
901,901,spine,901_2026-03-17-0012.jpg,,scan,
902,643,cover,643_2026-03-17-0013.jpg,,scan,
903,643,tape,643_2026-03-17-0014.jpg,,scan,
904,643,spine,643_2026-03-17-0015.jpg,,scan,
905,1009,cover,1009_2026-03-30-0001.jpg,,scan,
906,1009,tape,1009_2026-03-30-0002.jpg,,scan,
907,1009,spine,1009_2026-03-30-0003.jpg,,scan,
908,741,cover,741_2026-03-30-0004.jpg,,scan,
909,741,tape,741_2026-03-30-0005.jpg,,scan,
910,741,spine,741_2026-03-30-0006.jpg,,scan,
911,908,cover,908_2026-03-30-0007.jpg,,scan,
912,908,tape,908_2026-03-30-0008.jpg,,scan,
913,908,spine,908_2026-03-30-0009 (1).jpg,,scan,
914,1121,cover,1121_2026-03-30-0010 (2).jpg,,scan,
915,1121,tape,1121_2026-03-30-0011 (2).jpg,,scan,
916,1121,spine,1121_2026-03-30-0012.jpg,,scan,
917,1844,spine,1844_2026-04-01-0001.jpg,,scan,
